<?xml version="1.0" encoding="UTF-8"?>
<project-private xmlns="http://www.netbeans.org/ns/project-private/1">
    <editor-bookmarks xmlns="http://www.netbeans.org/ns/editor-bookmarks/2" lastBookmarkId="0"/>
    <open-files xmlns="http://www.netbeans.org/ns/projectui-open-files/2">
        <group>
            <file>file:/home/katrazanov/www/hotelbudapest/wp-content/themes/hqtheme/parts/footer.class.php</file>
            <file>file:/home/katrazanov/www/hotelbudapest/wp-content/themes/hqtheme/parts/header.class.php</file>
            <file>file:/home/katrazanov/www/hotelbudapest/wp-content/themes/hqtheme/parts/elements.class.php</file>
            <file>file:/home/katrazanov/www/hotelbudapest/wp-content/themes/hqtheme/inc/multiple_sidebars.php</file>
        </group>
    </open-files>
</project-private>
